num_query,num_training,num_test,mae,mae_std,rmse,rmse_std,r2,r2_std
0,100,50,51.42688294270834,3.928197884460516,65.61906947687656,3.9012404230566697,0.29733297988779256,0.08485306894488527
1,150,50,43.73091448567709,10.224641873337566,55.31388075679709,13.132943122046525,0.47441640370678506,0.2556012415949857
2,200,50,30.796185774739584,4.0913869464376305,38.56304455154992,4.048840866624113,0.7555100917331045,0.05225950309991999
3,250,50,35.27509886067708,1.672108634853032,42.91542486679717,1.1830242514315692,0.7002813292685458,0.01658351340469681
4,300,50,29.82489593098958,3.473709549890863,36.49610195391953,5.3308963754029195,0.7787829712967532,0.06521951147886403
